<?xml version="1.0" encoding="UTF-8"?>
<mxGraphModel dx="4694" dy="3086" grid="1" gridSize="10" guides="1" tooltips="1" connect="1" arrows="1" fold="1" page="1" pageScale="1" pageWidth="3300" pageHeight="2339" background="#ffffff" math="0" shadow="0"><root><mxCell id="0"/><mxCell id="1" parent="0"/><mxCell id="5" style="edgeStyle=orthogonalEdgeStyle;rounded=0;html=1;exitX=1;exitY=0.5;entryX=0.5;entryY=1;jettySize=auto;orthogonalLoop=1;fontSize=15;elbow=vertical;curved=1;" parent="1" source="2" target="4" edge="1"><mxGeometry relative="1" as="geometry"/></mxCell><mxCell id="6" style="edgeStyle=orthogonalEdgeStyle;curved=1;rounded=0;html=1;exitX=0;exitY=0.5;jettySize=auto;orthogonalLoop=1;fontSize=15;" parent="1" source="2" target="3" edge="1"><mxGeometry relative="1" as="geometry"/></mxCell><mxCell id="25" style="edgeStyle=orthogonalEdgeStyle;curved=1;rounded=0;html=1;exitX=0.25;exitY=1;entryX=1;entryY=0.5;jettySize=auto;orthogonalLoop=1;fontSize=15;" parent="1" source="2" target="18" edge="1"><mxGeometry relative="1" as="geometry"/></mxCell><mxCell id="26" style="edgeStyle=orthogonalEdgeStyle;curved=1;rounded=0;html=1;exitX=0.5;exitY=1;entryX=0.5;entryY=0;jettySize=auto;orthogonalLoop=1;fontSize=15;" parent="1" source="2" target="23" edge="1"><mxGeometry relative="1" as="geometry"/></mxCell><mxCell id="27" style="edgeStyle=orthogonalEdgeStyle;curved=1;rounded=0;html=1;exitX=0.75;exitY=1;entryX=0;entryY=0.5;jettySize=auto;orthogonalLoop=1;fontSize=15;" parent="1" source="2" target="20" edge="1"><mxGeometry relative="1" as="geometry"/></mxCell><UserObject label="Machine Learning" id="2"><mxCell style="rounded=1;whiteSpace=nowrap;html=1;fillColor=#1F6286;strokeColor=#000000;fontSize=18;fontStyle=1;fontColor=#FFFFFF;" parent="1" vertex="1"><mxGeometry x="330" y="80" width="120" height="60" as="geometry"/></mxCell></UserObject><mxCell id="9" style="edgeStyle=orthogonalEdgeStyle;curved=1;rounded=0;html=1;exitX=0;exitY=0.5;entryX=0.5;entryY=1;jettySize=auto;orthogonalLoop=1;fontSize=15;" parent="1" source="3" target="7" edge="1"><mxGeometry relative="1" as="geometry"/></mxCell><mxCell id="10" style="edgeStyle=orthogonalEdgeStyle;curved=1;rounded=0;html=1;exitX=1;exitY=0.5;entryX=0.5;entryY=1;jettySize=auto;orthogonalLoop=1;fontSize=15;" parent="1" source="3" target="8" edge="1"><mxGeometry relative="1" as="geometry"/></mxCell><mxCell id="3" value="Supervised Learning" style="rounded=1;whiteSpace=nowrap;html=1;fillColor=#1F6286;strokeColor=#000000;fontSize=14;fontColor=#FFFFFF;fontStyle=1" parent="1" vertex="1"><mxGeometry x="110" y="-50" width="120" height="60" as="geometry"/></mxCell><mxCell id="12" style="edgeStyle=orthogonalEdgeStyle;curved=1;rounded=0;html=1;exitX=0.5;exitY=0;jettySize=auto;orthogonalLoop=1;fontSize=15;" parent="1" source="4" target="11" edge="1"><mxGeometry relative="1" as="geometry"/></mxCell><mxCell id="14" style="edgeStyle=orthogonalEdgeStyle;curved=1;rounded=0;html=1;exitX=1;exitY=0.5;entryX=0;entryY=0.5;jettySize=auto;orthogonalLoop=1;fontSize=15;" parent="1" source="4" target="13" edge="1"><mxGeometry relative="1" as="geometry"/></mxCell><mxCell id="16" style="edgeStyle=orthogonalEdgeStyle;curved=1;rounded=0;html=1;exitX=0.75;exitY=0;entryX=0;entryY=0.5;jettySize=auto;orthogonalLoop=1;fontSize=15;" parent="1" source="4" target="15" edge="1"><mxGeometry relative="1" as="geometry"/></mxCell><mxCell id="4" value="Unsupervised Learning" style="rounded=1;whiteSpace=nowrap;html=1;fillColor=#878787;strokeColor=#000000;fontSize=14;fontStyle=1;fontColor=#FFFFFF;" parent="1" vertex="1"><mxGeometry x="560" y="-50" width="120" height="60" as="geometry"/></mxCell><mxCell id="113" style="edgeStyle=orthogonalEdgeStyle;curved=1;rounded=0;html=1;exitX=0;exitY=0.5;entryX=1;entryY=0.5;endArrow=none;endFill=0;jettySize=auto;orthogonalLoop=1;fontSize=12;" parent="1" source="7" target="112" edge="1"><mxGeometry relative="1" as="geometry"/></mxCell><mxCell id="115" style="edgeStyle=orthogonalEdgeStyle;curved=1;rounded=0;html=1;entryX=0.5;entryY=1;endArrow=none;endFill=0;jettySize=auto;orthogonalLoop=1;fontSize=12;" parent="1" source="7" target="110" edge="1"><mxGeometry relative="1" as="geometry"/></mxCell><mxCell id="116" style="edgeStyle=orthogonalEdgeStyle;curved=1;rounded=0;html=1;exitX=0.25;exitY=0;entryX=0.5;entryY=1;endArrow=none;endFill=0;jettySize=auto;orthogonalLoop=1;fontSize=12;" parent="1" source="7" target="109" edge="1"><mxGeometry relative="1" as="geometry"/></mxCell><mxCell id="7" value="Regression" style="rounded=1;whiteSpace=nowrap;html=1;fillColor=#1F6286;strokeColor=#000000;fontSize=12;fontColor=#FFFFFF;" parent="1" vertex="1"><mxGeometry x="-50" y="-120" width="120" height="40" as="geometry"/></mxCell><mxCell id="122" style="edgeStyle=orthogonalEdgeStyle;curved=1;rounded=0;html=1;exitX=0;exitY=0.5;entryX=1;entryY=0.5;endArrow=none;endFill=0;jettySize=auto;orthogonalLoop=1;fontSize=12;" parent="1" source="8" target="117" edge="1"><mxGeometry relative="1" as="geometry"/></mxCell><mxCell id="124" style="edgeStyle=orthogonalEdgeStyle;curved=1;rounded=0;html=1;exitX=0;exitY=0.25;entryX=1;entryY=0.5;endArrow=none;endFill=0;jettySize=auto;orthogonalLoop=1;fontSize=12;" parent="1" source="8" target="118" edge="1"><mxGeometry relative="1" as="geometry"/></mxCell><mxCell id="125" style="edgeStyle=orthogonalEdgeStyle;curved=1;rounded=0;html=1;exitX=0.25;exitY=0;entryX=1;entryY=0.5;endArrow=none;endFill=0;jettySize=auto;orthogonalLoop=1;fontSize=12;" parent="1" source="8" target="121" edge="1"><mxGeometry relative="1" as="geometry"/></mxCell><mxCell id="126" style="edgeStyle=orthogonalEdgeStyle;curved=1;rounded=0;html=1;exitX=0.75;exitY=0;entryX=0.5;entryY=1;endArrow=none;endFill=0;jettySize=auto;orthogonalLoop=1;fontSize=12;" parent="1" source="8" edge="1"><mxGeometry relative="1" as="geometry"><mxPoint x="390.1176470588234" y="-170.41176470588243" as="targetPoint"/></mxGeometry></mxCell><mxCell id="127" style="edgeStyle=orthogonalEdgeStyle;curved=1;rounded=0;html=1;exitX=0.5;exitY=0;entryX=0.5;entryY=1;endArrow=none;endFill=0;jettySize=auto;orthogonalLoop=1;fontSize=12;" parent="1" source="8" target="119" edge="1"><mxGeometry relative="1" as="geometry"/></mxCell><mxCell id="8" value="Classification" style="rounded=1;whiteSpace=nowrap;html=1;fillColor=#1F6286;strokeColor=#000000;fontSize=12;fontColor=#FFFFFF;" parent="1" vertex="1"><mxGeometry x="255" y="-120" width="120" height="40" as="geometry"/></mxCell><mxCell id="139" style="edgeStyle=orthogonalEdgeStyle;curved=1;rounded=0;html=1;exitX=0.25;exitY=0;entryX=0.5;entryY=1;endArrow=none;endFill=0;jettySize=auto;orthogonalLoop=1;fontSize=12;" parent="1" source="11" target="129" edge="1"><mxGeometry relative="1" as="geometry"/></mxCell><mxCell id="140" style="edgeStyle=orthogonalEdgeStyle;curved=1;rounded=0;html=1;exitX=0;exitY=0.5;entryX=0.5;entryY=1;endArrow=none;endFill=0;jettySize=auto;orthogonalLoop=1;fontSize=12;" parent="1" source="11" target="134" edge="1"><mxGeometry relative="1" as="geometry"/></mxCell><mxCell id="142" style="edgeStyle=orthogonalEdgeStyle;curved=1;rounded=0;html=1;exitX=0.25;exitY=1;entryX=1;entryY=0.5;endArrow=none;endFill=0;jettySize=auto;orthogonalLoop=1;fontSize=12;" parent="1" source="11" target="133" edge="1"><mxGeometry relative="1" as="geometry"/></mxCell><mxCell id="11" value="Clustering" style="rounded=1;whiteSpace=nowrap;html=1;fillColor=#878787;strokeColor=#000000;fontSize=12;fontColor=#FFFFFF;" parent="1" vertex="1"><mxGeometry x="560" y="-170" width="120" height="40" as="geometry"/></mxCell><mxCell id="156" style="edgeStyle=orthogonalEdgeStyle;curved=1;rounded=0;html=1;exitX=0.75;exitY=0;entryX=0;entryY=0.5;endArrow=none;endFill=0;jettySize=auto;orthogonalLoop=1;fontSize=12;" parent="1" source="13" target="150" edge="1"><mxGeometry relative="1" as="geometry"/></mxCell><mxCell id="157" style="edgeStyle=orthogonalEdgeStyle;curved=1;rounded=0;html=1;exitX=1;exitY=0.25;entryX=0;entryY=0.5;endArrow=none;endFill=0;jettySize=auto;orthogonalLoop=1;fontSize=12;" parent="1" source="13" target="151" edge="1"><mxGeometry relative="1" as="geometry"/></mxCell><mxCell id="159" style="edgeStyle=orthogonalEdgeStyle;curved=1;rounded=0;html=1;exitX=1;exitY=0.5;entryX=0;entryY=0.5;endArrow=none;endFill=0;jettySize=auto;orthogonalLoop=1;fontSize=12;" parent="1" source="13" target="152" edge="1"><mxGeometry relative="1" as="geometry"/></mxCell><mxCell id="161" style="edgeStyle=orthogonalEdgeStyle;curved=1;rounded=0;html=1;exitX=1;exitY=0.75;entryX=0;entryY=0.5;endArrow=none;endFill=0;jettySize=auto;orthogonalLoop=1;fontSize=12;" parent="1" source="13" target="153" edge="1"><mxGeometry relative="1" as="geometry"/></mxCell><mxCell id="162" style="edgeStyle=orthogonalEdgeStyle;curved=1;rounded=0;html=1;exitX=0.75;exitY=1;entryX=0.5;entryY=0;endArrow=none;endFill=0;jettySize=auto;orthogonalLoop=1;fontSize=12;" parent="1" source="13" target="154" edge="1"><mxGeometry relative="1" as="geometry"/></mxCell><mxCell id="13" value="Dimensionality Reduction" style="rounded=1;whiteSpace=nowrap;html=1;fillColor=#878787;strokeColor=#000000;fontSize=12;fontColor=#FFFFFF;" parent="1" vertex="1"><mxGeometry x="770" y="-40" width="120" height="40" as="geometry"/></mxCell><mxCell id="15" value="Association Rule Learning" style="rounded=1;whiteSpace=nowrap;html=1;fillColor=#878787;strokeColor=#000000;fontSize=12;fontColor=#FFFFFF;" parent="1" vertex="1"><mxGeometry x="760" y="-150" width="120" height="40" as="geometry"/></mxCell><mxCell id="88" style="edgeStyle=orthogonalEdgeStyle;curved=1;rounded=0;html=1;exitX=0.5;exitY=1;entryX=0.5;entryY=0;endArrow=none;endFill=0;jettySize=auto;orthogonalLoop=1;fontSize=12;" parent="1" source="18" target="84" edge="1"><mxGeometry relative="1" as="geometry"/></mxCell><mxCell id="90" style="edgeStyle=orthogonalEdgeStyle;curved=1;rounded=0;html=1;exitX=0;exitY=0.5;entryX=1;entryY=0.5;endArrow=none;endFill=0;jettySize=auto;orthogonalLoop=1;fontSize=12;" parent="1" source="18" target="82" edge="1"><mxGeometry relative="1" as="geometry"/></mxCell><mxCell id="92" style="edgeStyle=orthogonalEdgeStyle;curved=1;rounded=0;html=1;exitX=0.5;exitY=0;entryX=0.5;entryY=1;endArrow=none;endFill=0;jettySize=auto;orthogonalLoop=1;fontSize=12;" parent="1" source="18" target="80" edge="1"><mxGeometry relative="1" as="geometry"/></mxCell><mxCell id="93" style="edgeStyle=orthogonalEdgeStyle;curved=1;rounded=0;html=1;exitX=0.25;exitY=0;entryX=1;entryY=0.5;endArrow=none;endFill=0;jettySize=auto;orthogonalLoop=1;fontSize=12;" parent="1" source="18" target="81" edge="1"><mxGeometry relative="1" as="geometry"/></mxCell><mxCell id="94" style="edgeStyle=orthogonalEdgeStyle;curved=1;rounded=0;html=1;exitX=0;exitY=0.75;entryX=0.5;entryY=0;endArrow=none;endFill=0;jettySize=auto;orthogonalLoop=1;fontSize=12;" parent="1" source="18" target="83" edge="1"><mxGeometry relative="1" as="geometry"/></mxCell><mxCell id="18" value="Reinforcement Learning" style="rounded=1;whiteSpace=nowrap;html=1;fillColor=#878787;strokeColor=#000000;fontSize=14;fontStyle=1;fontColor=#FFFFFF;" parent="1" vertex="1"><mxGeometry x="40" y="170" width="120" height="60" as="geometry"/></mxCell><mxCell id="45" style="edgeStyle=orthogonalEdgeStyle;curved=1;rounded=0;html=1;exitX=0.5;exitY=0;entryX=0;entryY=0.5;jettySize=auto;orthogonalLoop=1;fontSize=12;" parent="1" source="20" target="41" edge="1"><mxGeometry relative="1" as="geometry"/></mxCell><mxCell id="46" value="" style="edgeStyle=orthogonalEdgeStyle;curved=1;rounded=0;html=1;jettySize=auto;orthogonalLoop=1;fontSize=12;" parent="1" source="20" target="42" edge="1"><mxGeometry relative="1" as="geometry"/></mxCell><mxCell id="49" style="edgeStyle=orthogonalEdgeStyle;curved=1;rounded=0;html=1;exitX=0.5;exitY=1;entryX=0;entryY=0.5;jettySize=auto;orthogonalLoop=1;fontSize=12;" parent="1" source="20" target="43" edge="1"><mxGeometry relative="1" as="geometry"/></mxCell><mxCell id="20" value="Ensemble Learning" style="rounded=1;whiteSpace=nowrap;html=1;fillColor=#878787;strokeColor=#000000;fontSize=14;fontStyle=1;fontColor=#FFFFFF;" parent="1" vertex="1"><mxGeometry x="610" y="170" width="120" height="60" as="geometry"/></mxCell><mxCell id="32" style="edgeStyle=orthogonalEdgeStyle;curved=1;rounded=0;html=1;exitX=0;exitY=0.5;jettySize=auto;orthogonalLoop=1;fontSize=12;" parent="1" source="23" target="31" edge="1"><mxGeometry relative="1" as="geometry"/></mxCell><mxCell id="34" style="edgeStyle=orthogonalEdgeStyle;curved=1;rounded=0;html=1;exitX=0.25;exitY=1;entryX=0.5;entryY=0;jettySize=auto;orthogonalLoop=1;fontSize=12;" parent="1" source="23" target="33" edge="1"><mxGeometry relative="1" as="geometry"/></mxCell><mxCell id="37" style="edgeStyle=orthogonalEdgeStyle;curved=1;rounded=0;html=1;exitX=0.5;exitY=1;entryX=0.5;entryY=0;jettySize=auto;orthogonalLoop=1;fontSize=12;" parent="1" source="23" target="35" edge="1"><mxGeometry relative="1" as="geometry"/></mxCell><mxCell id="38" style="edgeStyle=orthogonalEdgeStyle;curved=1;rounded=0;html=1;exitX=0.75;exitY=1;entryX=0.5;entryY=0;jettySize=auto;orthogonalLoop=1;fontSize=12;" parent="1" source="23" target="36" edge="1"><mxGeometry relative="1" as="geometry"/></mxCell><mxCell id="40" style="edgeStyle=orthogonalEdgeStyle;curved=1;rounded=0;html=1;exitX=1;exitY=0.5;entryX=0.5;entryY=0;jettySize=auto;orthogonalLoop=1;fontSize=12;" parent="1" source="23" target="39" edge="1"><mxGeometry relative="1" as="geometry"/></mxCell><mxCell id="23" value="Neural Networks and Deep Learning" style="rounded=1;whiteSpace=nowrap;html=1;fillColor=#1F6286;strokeColor=#000000;fontSize=14;fontStyle=1;fontColor=#FFFFFF;" parent="1" vertex="1"><mxGeometry x="330" y="270" width="120" height="60" as="geometry"/></mxCell><mxCell id="61" value="" style="edgeStyle=orthogonalEdgeStyle;curved=1;rounded=0;html=1;jettySize=auto;orthogonalLoop=1;fontSize=12;endArrow=none;endFill=0;" parent="1" source="31" target="60" edge="1"><mxGeometry relative="1" as="geometry"/></mxCell><mxCell id="31" value="Convolutional Neural Networks (CNN)" style="rounded=1;whiteSpace=nowrap;html=1;fillColor=#1F6286;strokeColor=#000000;fontSize=12;fontColor=#FFFFFF;" parent="1" vertex="1"><mxGeometry x="60" y="370" width="120" height="40" as="geometry"/></mxCell><mxCell id="60" value="DCNN" style="rounded=1;whiteSpace=nowrap;html=1;fillColor=#ffffff;strokeColor=#000000;fontSize=12;" parent="1" vertex="1"><mxGeometry x="30" y="440" width="80" height="20" as="geometry"/></mxCell><mxCell id="65" style="edgeStyle=orthogonalEdgeStyle;curved=1;rounded=0;html=1;exitX=0.25;exitY=1;entryX=0.5;entryY=0;endArrow=none;endFill=0;jettySize=auto;orthogonalLoop=1;fontSize=12;" parent="1" source="33" target="62" edge="1"><mxGeometry relative="1" as="geometry"/></mxCell><mxCell id="66" style="edgeStyle=orthogonalEdgeStyle;curved=1;rounded=0;html=1;entryX=0.5;entryY=0;endArrow=none;endFill=0;jettySize=auto;orthogonalLoop=1;fontSize=12;exitX=0.5;exitY=1;" parent="1" source="33" target="63" edge="1"><mxGeometry relative="1" as="geometry"><mxPoint x="210" y="480" as="sourcePoint"/></mxGeometry></mxCell><mxCell id="67" style="edgeStyle=orthogonalEdgeStyle;curved=1;rounded=0;html=1;exitX=0.75;exitY=1;entryX=0.5;entryY=0;endArrow=none;endFill=0;jettySize=auto;orthogonalLoop=1;fontSize=12;" parent="1" source="33" target="64" edge="1"><mxGeometry relative="1" as="geometry"/></mxCell><mxCell id="33" value="Recurrent Neural Networks (RNN)" style="rounded=1;whiteSpace=nowrap;html=1;fillColor=#1F6286;strokeColor=#000000;fontSize=12;fontColor=#FFFFFF;" parent="1" vertex="1"><mxGeometry x="170" y="440" width="120" height="40" as="geometry"/></mxCell><mxCell id="35" value="Generative Adversarial Networks (GAN)" style="rounded=1;whiteSpace=nowrap;html=1;fillColor=#1F6286;strokeColor=#000000;fontSize=12;fontColor=#FFFFFF;gradientColor=none;" parent="1" vertex="1"><mxGeometry x="330" y="440" width="120" height="40" as="geometry"/></mxCell><mxCell id="36" value="Autoencoders" style="rounded=1;whiteSpace=nowrap;html=1;fillColor=#878787;strokeColor=#000000;fontSize=12;fontColor=#FFFFFF;" parent="1" vertex="1"><mxGeometry x="480" y="440" width="120" height="40" as="geometry"/></mxCell><mxCell id="39" value="Perceptrons" style="rounded=1;whiteSpace=nowrap;html=1;fillColor=#878787;strokeColor=#000000;fontSize=12;fontColor=#FFFFFF;" parent="1" vertex="1"><mxGeometry x="590" y="370" width="120" height="40" as="geometry"/></mxCell><mxCell id="41" value="Stacking" style="rounded=1;whiteSpace=nowrap;html=1;fillColor=#878787;strokeColor=#000000;fontSize=12;fontColor=#FFFFFF;" parent="1" vertex="1"><mxGeometry x="750" y="90" width="120" height="40" as="geometry"/></mxCell><mxCell id="98" style="edgeStyle=orthogonalEdgeStyle;curved=1;rounded=0;html=1;exitX=1;exitY=0.5;entryX=0.5;entryY=1;endArrow=none;endFill=0;jettySize=auto;orthogonalLoop=1;fontSize=12;" parent="1" source="42" target="97" edge="1"><mxGeometry relative="1" as="geometry"/></mxCell><mxCell id="42" value="Bagging" style="rounded=1;whiteSpace=nowrap;html=1;fillColor=#878787;strokeColor=#000000;fontSize=12;fontColor=#FFFFFF;" parent="1" vertex="1"><mxGeometry x="820" y="180" width="120" height="40" as="geometry"/></mxCell><mxCell id="104" style="edgeStyle=orthogonalEdgeStyle;curved=1;rounded=0;html=1;exitX=0.5;exitY=1;entryX=0.5;entryY=0;endArrow=none;endFill=0;jettySize=auto;orthogonalLoop=1;fontSize=12;" parent="1" source="43" target="103" edge="1"><mxGeometry relative="1" as="geometry"/></mxCell><mxCell id="105" style="edgeStyle=orthogonalEdgeStyle;curved=1;rounded=0;html=1;exitX=0.75;exitY=1;entryX=0.5;entryY=0;endArrow=none;endFill=0;jettySize=auto;orthogonalLoop=1;fontSize=12;" parent="1" source="43" target="101" edge="1"><mxGeometry relative="1" as="geometry"/></mxCell><mxCell id="106" style="edgeStyle=orthogonalEdgeStyle;curved=1;rounded=0;html=1;exitX=1;exitY=0.75;entryX=0;entryY=0.5;endArrow=none;endFill=0;jettySize=auto;orthogonalLoop=1;fontSize=12;" parent="1" source="43" target="100" edge="1"><mxGeometry relative="1" as="geometry"/></mxCell><mxCell id="107" style="edgeStyle=orthogonalEdgeStyle;curved=1;rounded=0;html=1;exitX=1;exitY=0.25;entryX=0;entryY=0.5;endArrow=none;endFill=0;jettySize=auto;orthogonalLoop=1;fontSize=12;" parent="1" source="43" target="99" edge="1"><mxGeometry relative="1" as="geometry"/></mxCell><mxCell id="43" value="Boosting" style="rounded=1;whiteSpace=nowrap;html=1;fillColor=#878787;strokeColor=#000000;fontSize=12;fontColor=#FFFFFF;" parent="1" vertex="1"><mxGeometry x="750" y="270" width="120" height="40" as="geometry"/></mxCell><mxCell id="62" value="LSM" style="rounded=1;whiteSpace=nowrap;html=1;fillColor=#ffffff;strokeColor=#000000;fontSize=12;" parent="1" vertex="1"><mxGeometry x="130" y="520" width="80" height="20" as="geometry"/></mxCell><mxCell id="63" value="LSTM" style="rounded=1;whiteSpace=nowrap;html=1;fillColor=#ffffff;strokeColor=#000000;fontSize=12;" parent="1" vertex="1"><mxGeometry x="190" y="550" width="80" height="20" as="geometry"/></mxCell><mxCell id="64" value="GRU" style="rounded=1;whiteSpace=nowrap;html=1;fillColor=#ffffff;strokeColor=#000000;fontSize=12;" parent="1" vertex="1"><mxGeometry x="250" y="520" width="80" height="20" as="geometry"/></mxCell><mxCell id="71" value="" style="edgeStyle=orthogonalEdgeStyle;curved=1;rounded=0;html=1;endArrow=none;endFill=0;jettySize=auto;orthogonalLoop=1;fontSize=12;" parent="1" source="69" target="36" edge="1"><mxGeometry relative="1" as="geometry"/></mxCell><mxCell id="69" value="seq2seq" style="rounded=1;whiteSpace=nowrap;html=1;fillColor=#ffffff;strokeColor=#000000;fontSize=12;" parent="1" vertex="1"><mxGeometry x="500" y="500" width="80" height="20" as="geometry"/></mxCell><mxCell id="80" value="Q-Learning" style="rounded=1;whiteSpace=nowrap;html=1;fillColor=#ffffff;strokeColor=#000000;fontSize=12;" parent="1" vertex="1"><mxGeometry x="80" y="110" width="80" height="20" as="geometry"/></mxCell><mxCell id="81" value="DQN" style="rounded=1;whiteSpace=nowrap;html=1;fillColor=#ffffff;strokeColor=#000000;fontSize=12;" parent="1" vertex="1"><mxGeometry x="-50" y="140" width="80" height="20" as="geometry"/></mxCell><mxCell id="82" value="SARSA" style="rounded=1;whiteSpace=nowrap;html=1;fillColor=#ffffff;strokeColor=#000000;fontSize=12;" parent="1" vertex="1"><mxGeometry x="-70" y="190" width="80" height="20" as="geometry"/></mxCell><mxCell id="83" value="Genetic Algorithm" style="rounded=1;whiteSpace=nowrap;html=1;fillColor=#ffffff;strokeColor=#000000;fontSize=12;" parent="1" vertex="1"><mxGeometry x="-70" y="260" width="110" height="20" as="geometry"/></mxCell><mxCell id="84" value="A3C" style="rounded=1;whiteSpace=nowrap;html=1;fillColor=#ffffff;strokeColor=#000000;fontSize=12;" parent="1" vertex="1"><mxGeometry x="60" y="260" width="80" height="20" as="geometry"/></mxCell><mxCell id="97" value="Random Forest" style="rounded=1;whiteSpace=nowrap;html=1;fillColor=#ffffff;strokeColor=#000000;fontSize=12;" parent="1" vertex="1"><mxGeometry x="940" y="130" width="100" height="20" as="geometry"/></mxCell><mxCell id="99" value="XGBoost" style="rounded=1;whiteSpace=nowrap;html=1;fillColor=#ffffff;strokeColor=#000000;fontSize=12;" parent="1" vertex="1"><mxGeometry x="910" y="250" width="80" height="20" as="geometry"/></mxCell><mxCell id="100" value="LightGBM" style="rounded=1;whiteSpace=nowrap;html=1;fillColor=#ffffff;strokeColor=#000000;fontSize=12;" parent="1" vertex="1"><mxGeometry x="920" y="310" width="80" height="20" as="geometry"/></mxCell><mxCell id="101" value="CatBoost" style="rounded=1;whiteSpace=nowrap;html=1;fillColor=#ffffff;strokeColor=#000000;fontSize=12;" parent="1" vertex="1"><mxGeometry x="860" y="360" width="80" height="20" as="geometry"/></mxCell><mxCell id="103" value="AdaBoost" style="rounded=1;whiteSpace=nowrap;html=1;fillColor=#ffffff;strokeColor=#000000;fontSize=12;" parent="1" vertex="1"><mxGeometry x="750" y="350" width="80" height="20" as="geometry"/></mxCell><mxCell id="109" value="Linear&lt;br&gt;Regression" style="rounded=1;whiteSpace=nowrap;html=1;fillColor=#ffffff;strokeColor=#000000;fontSize=12;" parent="1" vertex="1"><mxGeometry x="-105" y="-200" width="70" height="40" as="geometry"/></mxCell><mxCell id="110" value="Polynomial&lt;br&gt;Regression" style="rounded=1;whiteSpace=nowrap;html=1;fillColor=#ffffff;strokeColor=#000000;fontSize=12;" parent="1" vertex="1"><mxGeometry x="10" y="-200" width="80" height="40" as="geometry"/></mxCell><mxCell id="112" value="Ridge/Lasso&lt;br&gt;Regression" style="rounded=1;whiteSpace=nowrap;html=1;fillColor=#ffffff;strokeColor=#000000;fontSize=12;" parent="1" vertex="1"><mxGeometry x="-160" y="-120" width="80" height="40" as="geometry"/></mxCell><mxCell id="117" value="K-NN" style="rounded=1;whiteSpace=nowrap;html=1;fillColor=#ffffff;strokeColor=#000000;fontSize=12;" parent="1" vertex="1"><mxGeometry x="155" y="-110" width="80" height="20" as="geometry"/></mxCell><mxCell id="118" value="Naive Bayes" style="rounded=1;whiteSpace=nowrap;html=1;fillColor=#ffffff;strokeColor=#000000;fontSize=12;" parent="1" vertex="1"><mxGeometry x="125" y="-160" width="80" height="20" as="geometry"/></mxCell><mxCell id="119" value="SVM" style="rounded=1;whiteSpace=nowrap;html=1;fillColor=#ffffff;strokeColor=#000000;fontSize=12;" parent="1" vertex="1"><mxGeometry x="275" y="-240" width="80" height="20" as="geometry"/></mxCell><mxCell id="120" value="Decision&lt;br&gt;Trees" style="rounded=1;whiteSpace=nowrap;html=1;fillColor=#ffffff;strokeColor=#000000;fontSize=12;" parent="1" vertex="1"><mxGeometry x="345" y="-210" width="65" height="40" as="geometry"/></mxCell><mxCell id="121" value="Logistic&lt;br&gt;Regression" style="rounded=1;whiteSpace=nowrap;html=1;fillColor=#ffffff;strokeColor=#000000;fontSize=12;" parent="1" vertex="1"><mxGeometry x="155" y="-220" width="80" height="40" as="geometry"/></mxCell><mxCell id="129" value="K-Means" style="rounded=1;whiteSpace=nowrap;html=1;fillColor=#ffffff;strokeColor=#000000;fontSize=12;" parent="1" vertex="1"><mxGeometry x="510" y="-230" width="80" height="20" as="geometry"/></mxCell><mxCell id="137" style="edgeStyle=orthogonalEdgeStyle;curved=1;rounded=0;html=1;exitX=0.5;exitY=1;entryX=0.5;entryY=0;endArrow=none;endFill=0;jettySize=auto;orthogonalLoop=1;fontSize=12;" parent="1" source="130" target="11" edge="1"><mxGeometry relative="1" as="geometry"/></mxCell><mxCell id="130" value="DBSCAN" style="rounded=1;whiteSpace=nowrap;html=1;fillColor=#ffffff;strokeColor=#000000;fontSize=12;" parent="1" vertex="1"><mxGeometry x="580" y="-270" width="80" height="20" as="geometry"/></mxCell><mxCell id="138" style="edgeStyle=orthogonalEdgeStyle;curved=1;rounded=0;html=1;exitX=0.5;exitY=1;entryX=0.75;entryY=0;endArrow=none;endFill=0;jettySize=auto;orthogonalLoop=1;fontSize=12;" parent="1" source="131" target="11" edge="1"><mxGeometry relative="1" as="geometry"/></mxCell><mxCell id="131" value="Agglomerative" style="rounded=1;whiteSpace=nowrap;html=1;fillColor=#ffffff;strokeColor=#000000;fontSize=12;" parent="1" vertex="1"><mxGeometry x="650" y="-230" width="90" height="20" as="geometry"/></mxCell><mxCell id="133" value="Fuzzy C-Means" style="rounded=1;whiteSpace=nowrap;html=1;fillColor=#ffffff;strokeColor=#000000;fontSize=12;" parent="1" vertex="1"><mxGeometry x="470" y="-110" width="90" height="20" as="geometry"/></mxCell><mxCell id="134" value="Mean Shift" style="rounded=1;whiteSpace=nowrap;html=1;fillColor=#ffffff;strokeColor=#000000;fontSize=12;" parent="1" vertex="1"><mxGeometry x="455" y="-200" width="90" height="20" as="geometry"/></mxCell><mxCell id="149" style="edgeStyle=orthogonalEdgeStyle;curved=1;rounded=0;html=1;exitX=0;exitY=0.5;entryX=0.75;entryY=0;endArrow=none;endFill=0;jettySize=auto;orthogonalLoop=1;fontSize=12;" parent="1" source="143" target="15" edge="1"><mxGeometry relative="1" as="geometry"/></mxCell><mxCell id="143" value="Euclat" style="rounded=1;whiteSpace=nowrap;html=1;fillColor=#ffffff;strokeColor=#000000;fontSize=12;" parent="1" vertex="1"><mxGeometry x="900" y="-200" width="90" height="20" as="geometry"/></mxCell><mxCell id="148" value="" style="edgeStyle=orthogonalEdgeStyle;curved=1;rounded=0;html=1;endArrow=none;endFill=0;jettySize=auto;orthogonalLoop=1;fontSize=12;" parent="1" source="144" target="15" edge="1"><mxGeometry relative="1" as="geometry"/></mxCell><mxCell id="144" value="Apriori" style="rounded=1;whiteSpace=nowrap;html=1;fillColor=#ffffff;strokeColor=#000000;fontSize=12;" parent="1" vertex="1"><mxGeometry x="920" y="-140" width="90" height="20" as="geometry"/></mxCell><mxCell id="147" value="" style="edgeStyle=orthogonalEdgeStyle;curved=1;rounded=0;html=1;endArrow=none;endFill=0;jettySize=auto;orthogonalLoop=1;fontSize=12;" parent="1" source="145" target="15" edge="1"><mxGeometry relative="1" as="geometry"/></mxCell><mxCell id="145" value="FP Growth" style="rounded=1;whiteSpace=nowrap;html=1;fillColor=#ffffff;strokeColor=#000000;fontSize=12;" parent="1" vertex="1"><mxGeometry x="775" y="-220" width="90" height="20" as="geometry"/></mxCell><mxCell id="150" value="t-SNE" style="rounded=1;whiteSpace=nowrap;html=1;fillColor=#ffffff;strokeColor=#000000;fontSize=12;" parent="1" vertex="1"><mxGeometry x="880" y="-90" width="90" height="20" as="geometry"/></mxCell><mxCell id="151" value="PCA" style="rounded=1;whiteSpace=nowrap;html=1;fillColor=#ffffff;strokeColor=#000000;fontSize=12;" parent="1" vertex="1"><mxGeometry x="935" y="-60" width="90" height="20" as="geometry"/></mxCell><mxCell id="152" value="LSA" style="rounded=1;whiteSpace=nowrap;html=1;fillColor=#ffffff;strokeColor=#000000;fontSize=12;" parent="1" vertex="1"><mxGeometry x="955" y="-30" width="90" height="20" as="geometry"/></mxCell><mxCell id="153" value="SVD" style="rounded=1;whiteSpace=nowrap;html=1;fillColor=#ffffff;strokeColor=#000000;fontSize=12;" parent="1" vertex="1"><mxGeometry x="940" y="10" width="90" height="20" as="geometry"/></mxCell><mxCell id="154" value="LDA" style="rounded=1;whiteSpace=nowrap;html=1;fillColor=#ffffff;strokeColor=#000000;fontSize=12;" parent="1" vertex="1"><mxGeometry x="815" y="30" width="90" height="20" as="geometry"/></mxCell></root></mxGraphModel>